,Receita Líquida,Lucro Líquido (LL),Margem Líquida,Ebitda,Margem Ebitda,Ativo Total,Dívida Bruta,Dívida Líquida,Patrimônio Líquido (PL),Índice de preço sobre lucro (P/L),Retorno sobre o PL (ROE),Retorno sobre o Capital (ROIC),Code action
0,"R$ 209,59 B","R$ 27,87 B",13.29%,"R$ 63,8 B",30.44%,"R$ 493,22 B","R$ 97,38 B","R$ 66,29 B","R$ 220,96 B","8,28",+12.61%,+9.61%,VALE3
1,"R$ 493,12 B","R$ 77,81 B",15.78%,"R$ 208,35 B",42.25%,"R$ 1174,89 B","R$ 371,43 B","R$ 319,58 B","R$ 401,78 B","5,06",+19.36%,+11.47%,PETR4
2,"R$ 278,57 B","R$ 24,66 B",8.85%,"R$ 16,68 B",5.99%,"R$ 2427,05 B",,"R$ -71,51 B","R$ 187,01 B","4,46",+13.19%,+4.01%,BBAS3
3,"R$ 40,22 B","R$ 11,16 B",27.75%,"R$ 20,01 B",49.76%,"R$ 88,71 B","R$ 31,28 B","R$ 23,35 B","R$ 40,44 B","7,33",+27.6%,+16.35%,SBSP3
4,"R$ 10,78 B","R$ 4,81 B",44.66%,"R$ 6,75 B",62.61%,"R$ 47,03 B","R$ 14,53 B","R$ -83,34 M","R$ 19,75 B","13,70",+24.38%,+12.22%,B3SA3
5,"R$ 39,8 B","R$ 2,09 B",5.25%,"R$ 5,91 B",14.86%,"R$ 65,88 B","R$ 12,03 B","R$ 5,17 B","R$ 19,68 B","27,75",+10.63%,+9.31%,EMBR3
6,"R$ 47,17 B","R$ 3,89 B",8.25%,"R$ 10,86 B",23.02%,"R$ 115,72 B","R$ 54,43 B","R$ 43,93 B","R$ 30,73 B","11,47",+12.67%,+6.64%,EQTL3
7,"R$ 39,57 B","R$ 2,32 B",5.87%,"R$ 13,26 B",33.51%,"R$ 81,31 B","R$ 41,56 B","R$ 33,32 B","R$ 25,49 B","15,80",+9.11%,+8.02%,RENT3
8,"R$ 29,06 B","R$ -522,67 M",-1.79%,"R$ 1,81 B",6.24%,"R$ 74,22 B","R$ 13,14 B","R$ 3,66 B","R$ 48,86 B","-33,03",-1.06%,+0.97%,HAPV3
9,"R$ 23,87 B","R$ 3,03 B",12.69%,"R$ 5,86 B",24.55%,"R$ 60,74 B","R$ 19,88 B","R$ 16,98 B","R$ 25,55 B","11,87",+11.85%,+6.39%,CPLE6
10,,"R$ 8,91 B",,"R$ 4,56 B",,"R$ 21,37 B",,"R$ -8,67 B","R$ 10,49 B","7,62",+84.97%,+28.67%,BBSE3
11,"R$ 43,68 B","R$ 6,62 B",15.17%,"R$ 21,29 B",48.75%,"R$ 274,96 B","R$ 70,28 B","R$ 40,45 B","R$ 118,75 B","15,26",+5.58%,+5.94%,ELET3
12,"R$ 180,96 B","R$ 5,6 B",3.09%,"R$ 9,21 B",5.09%,"R$ 59,65 B","R$ 25,41 B","R$ 21,06 B","R$ 21,01 B","4,21",+26.66%,+11.99%,VBBR3
13,"R$ 15,43 B","R$ 1,36 B",8.86%,"R$ 2,93 B",19.02%,"R$ 18,73 B","R$ 590,59 M","R$ -1,2 B","R$ 10,3 B","11,77",+13.28%,+10.05%,LREN3
14,"R$ 493,12 B","R$ 77,81 B",15.78%,"R$ 208,35 B",42.25%,"R$ 1174,89 B","R$ 371,43 B","R$ 319,58 B","R$ 401,78 B","5,46",+19.36%,+11.47%,PETR3
15,"R$ 40,96 B","R$ 6,75 B",16.5%,"R$ 9,05 B",22.09%,"R$ 39,83 B","R$ 2,58 B","R$ -3,08 B","R$ 23,14 B","22,73",+29.2%,+20.84%,WEGE3
16,"R$ 14,33 B","R$ 10,58 B",73.87%,"R$ 7,86 B",54.84%,"R$ 55,43 B","R$ 23,03 B","R$ 18,27 B","R$ 26,18 B","2,98",+40.44%,+5.15%,PRIO3
17,"R$ 5,63 B","R$ 881,04 M",15.64%,"R$ 1,34 B",23.88%,"R$ 8,96 B","R$ 1,69 B","R$ -401,54 M","R$ 5,21 B","28,24",+16.89%,+9.57%,TOTS3
18,,,,,,,,,,,,,
19,,,,,,,,,,,,,
20,"R$ 9,8 B","R$ -1,44 B",-14.74%,"R$ 16,01 M",0.16%,"R$ 27,41 B","R$ 7,85 B","R$ 7,52 B","R$ 6,02 B","-2,69",-23.99%,-1.01%,MRVE3
21,"R$ 76,28 B",R$ 922 M,1.2%,"R$ 5,71 B",7.49%,"R$ 44,3 B","R$ 16,59 B","R$ 12,14 B","R$ 5,59 B","14,51",+16.46%,+11.94%,ASAI3
22,"R$ 69,1 B","R$ 3,3 B",4.76%,"R$ 9,11 B",13.18%,"R$ 86,85 B","R$ 18,09 B","R$ 9,11 B","R$ 55,12 B","9,97",+5.98%,+5.11%,GGBR4
23,"R$ 37,34 B","R$ 3,16 B",8.48%,"R$ 3,6 B",9.64%,"R$ 50,94 B",,"R$ -9,95 B","R$ 14,53 B","11,17",+21.8%,+14.42%,PSSA3
24,"R$ 8,34 B",R$ 2 B,23.96%,"R$ 1,6 B",19.2%,"R$ 21,84 B","R$ 6,01 B",R$ 3 B,"R$ 10,41 B","4,53",+19.19%,+6.1%,CYRE3
25,"R$ 43,77 B","R$ -10,36 B",-23.67%,"R$ 14,93 B",34.11%,"R$ 127,48 B","R$ 67,07 B","R$ 52,26 B","R$ 34,77 B","-1,04",-29.79%,+5.08%,CSAN3
26,"R$ 40,6 B",R$ 7 B,17.25%,"R$ 10,89 B",26.83%,"R$ 63,9 B","R$ 15,24 B","R$ 10,54 B","R$ 27,92 B","4,45",+25.08%,+14.5%,CMIG4
27,"R$ 38,31 B","R$ 385,59 M",1%,"R$ 2,8 B",7.32%,"R$ 36,91 B","R$ 6,2 B","R$ 4,09 B","R$ 11,08 B","12,87",+3.47%,+5.63%,MGLU3
28,"R$ 51,29 B","R$ 7,86 B",15.32%,"R$ 24,3 B",47.38%,"R$ 159,42 B","R$ 91,62 B","R$ 71,25 B","R$ 43,27 B","8,66",+18.16%,+6.78%,SUZB3
29,"R$ 15,37 B","R$ 250,64 M",1.62%,"R$ 4,93 B",32.06%,"R$ 53,38 B","R$ 19,17 B","R$ 15,31 B","R$ 20,95 B","105.769,16",+1.19%,+4.46%,ENEV3
30,"R$ 136,43 B","R$ 2,43 B",1.78%,"R$ 6,3 B",4.61%,"R$ 37,75 B","R$ 15,03 B","R$ 12,3 B","R$ 15,89 B","7,58",+15.31%,+10.8%,UGPA3
31,"R$ 13,89 B","R$ 661,09 M",4.75%,"R$ 7,74 B",55.75%,"R$ 50,59 B","R$ 21,23 B","R$ 15,14 B","R$ 13,61 B","44,57",+4.84%,+8.01%,RAIL3
32,"R$ 6,73 B","R$ 1,21 B",18.1%,"R$ 2,2 B",32.79%,"R$ 23,64 B","R$ 6,38 B","R$ 5,43 B","R$ 13,7 B","4,27",+8.89%,+4.97%,COGN3
33,"R$ 34,17 B","R$ 1,43 B",4.19%,"R$ 2,74 B",8.03%,"R$ 20,39 B","R$ 2,11 B","R$ 1,08 B","R$ 10,33 B","11,13",+13.87%,+12.52%,GMAT3
34,"R$ 69,1 B","R$ 3,3 B",4.76%,"R$ 9,09 B",13.16%,"R$ 86,91 B","R$ 18,09 B","R$ 9,1 B","R$ 55,17 B","2,76",+5.98%,+5.09%,GOAU4
35,,,,,,,,,,,,,
36,"R$ 43,68 B","R$ 6,62 B",15.17%,"R$ 21,29 B",48.75%,"R$ 274,96 B","R$ 70,28 B","R$ 40,45 B","R$ 118,75 B","16,46",+5.58%,+5.94%,ELET6
37,"R$ 2,74 B","R$ 962,7 M",35.06%,"R$ 2,15 B",78.51%,"R$ 26,59 B",,"R$ -3,08 B","R$ 14,19 B","11,80",+6.78%,+7.17%,ALOS3
38,"R$ 16,61 B","R$ 659,09 M",3.96%,"R$ 1,82 B",10.95%,"R$ 14,21 B","R$ 4,95 B","R$ 2,25 B","R$ 3,75 B","16,61",+17.55%,+10.46%,GGPS3
39,"R$ 2,77 B","R$ 673,75 M",24.28%,"R$ 850,08 M",30.64%,"R$ 4,28 B","R$ 476,31 M","R$ 290,22 M","R$ 2,76 B","9,45",+24.38%,+14.23%,VIVA3
40,"R$ 6,66 B","R$ 733,75 M",11.01%,"R$ 1,24 B",18.67%,"R$ 24,23 B","R$ 8,84 B","R$ 7,64 B","R$ 11,99 B","19,78",+6.11%,+2.98%,HYPE3
41,"R$ 23,87 B","R$ 3,03 B",12.69%,"R$ 5,86 B",24.55%,"R$ 60,74 B","R$ 19,88 B","R$ 16,98 B","R$ 25,55 B","11,09",+11.85%,+6.39%,CPLE3
42,"R$ 2,7 B","R$ 1,29 B",47.77%,"R$ 1,92 B",71.38%,"R$ 12,31 B","R$ 5,12 B","R$ 4,38 B","R$ 5,9 B","10,04",+21.85%,+10.68%,MULT3
43,"R$ 63,51 B","R$ 4,28 B",6.74%,"R$ 10,99 B",17.3%,"R$ 62,88 B","R$ 19,94 B","R$ 6,96 B","R$ 17,37 B","7,05",+24.64%,+13.23%,BRFS3
44,"R$ 44,69 B","R$ -1,69 B",-3.79%,"R$ 8,1 B",18.12%,"R$ 101,07 B","R$ 51,56 B","R$ 32,41 B","R$ 16,85 B","-5,80",-10.07%,+3.95%,CSNA3
45,"R$ 43,11 B","R$ 5,62 B",13.03%,"R$ 12,49 B",28.96%,"R$ 78,7 B","R$ 28,31 B","R$ 24,26 B","R$ 23,36 B","8,03",+24.05%,+13.39%,CPFE3
46,"R$ 234,4 B","R$ 20,96 B",8.94%,"R$ 24,58 B",10.48%,"R$ 2147,57 B",,"R$ -222,82 B","R$ 174,54 B","6,97",+12.01%,+6.72%,BBDC3
47,"R$ 8,02 B","R$ 502,14 M",6.25%,"R$ 1,33 B",16.62%,"R$ 8,86 B","R$ 1,26 B","R$ 263,95 M","R$ 3,45 B","9,46",+14.53%,+13.77%,CEAB3
48,,"R$ 4,33 B",,"R$ 1,52 B",,"R$ 14,42 B","R$ 10,44 M","R$ -1,1 B","R$ 13,33 B","9,56",+32.51%,+7.53%,CXSE3
49,"R$ 6,43 B","R$ 533,52 M",8.28%,"R$ 3,05 B",47.5%,"R$ 18,45 B","R$ 5,95 B","R$ 3,21 B","R$ 5,65 B","25,66",+9.43%,+8.43%,SMFT3
50,"R$ 26,78 B","R$ 532,06 M",1.98%,"R$ 1,91 B",7.16%,"R$ 40,65 B","R$ 7,67 B","R$ 930,13 M","R$ 27,14 B","9,97",+1.95%,+1.27%,USIM5
51,,,,,,,,,,,,,
52,"R$ 255,26 B","R$ -4,17 B",-1.63%,"R$ 13,87 B",5.43%,"R$ 140,99 B","R$ 68,41 B","R$ 46,69 B","R$ 18,17 B","-2,97",-22.98%,+3.44%,RAIZ4
53,"R$ 8,75 B","R$ 293,28 M",3.34%,"R$ 1,29 B",14.81%,"R$ 13,33 B","R$ 3,92 B","R$ 3,25 B","R$ 4,58 B","6,97",+6.4%,+4.67%,CBAV3
54,"R$ 4,65 B","R$ 870,28 M",18.7%,"R$ 1,06 B",22.78%,"R$ 5,18 B","R$ 1,3 B","R$ -227,76 M","R$ 1,57 B","10,65",+55.14%,+23.49%,CURY3
55,"R$ 8,09 B","R$ 1,35 B",16.78%,"R$ 2,86 B",35.35%,"R$ 16,58 B","R$ 6,81 B","R$ 5,78 B","R$ 8,42 B","7,32",+16.12%,+8.63%,CSMG3
56,"R$ 19,15 B","R$ -1,79 B",-9.36%,R$ 902 M,4.7%,"R$ 18,36 B","R$ 4,41 B","R$ 2,62 B","R$ 2,56 B","-0,74",-70.04%,-2.46%,PCAR3
57,"R$ 8,64 B","R$ 763,48 M",8.83%,"R$ 2,19 B",25.44%,"R$ 17,46 B","R$ 6,32 B","R$ 5,06 B","R$ 5,09 B","1.005.719,90",+14.98%,+10.87%,SLCE3
58,"R$ 3,79 B","R$ 800,85 M",21.1%,"R$ 842,02 M",22.19%,"R$ 11,56 B","R$ 2,11 B","R$ -8,97 M","R$ 2,47 B","9,08",+32.4%,+11.06%,DIRR3
59,"R$ 1,47 B","R$ -100,66 M",-6.82%,"R$ 355,89 M",24.12%,"R$ 3,76 B","R$ 545,85 M","R$ 216,88 M","R$ 468,36 M","-10,77",-21.49%,+8.72%,CVCB3
60,"R$ 7,84 B","R$ 583,55 M",7.44%,"R$ 2,02 B",25.79%,"R$ 13,07 B","R$ 5,36 B","R$ 3,27 B","R$ 5,47 B","13,05",+10.66%,+7.24%,FLRY3
61,"R$ 8,96 B","R$ 1,21 B",13.59%,"R$ 1,55 B",17.3%,"R$ 9,49 B","R$ 3,31 B","R$ 1,35 B","R$ 4,22 B","8,27",+28.83%,+12.15%,POMO4
62,"R$ 44,32 B","R$ -829,83 M",-1.87%,"R$ 3,98 B",8.99%,"R$ 44,47 B","R$ 26,71 B","R$ 14,16 B","R$ 2,03 B","-5,71",-40.85%,+7.19%,BEEF3
63,,,,,,,,,,,,,VAMO3
64,,,,,,,,,,,,,
65,"R$ 7,84 B","R$ 1,07 B",13.75%,"R$ 5,06 B",64.61%,"R$ 22,31 B","R$ 11,31 B","R$ 8,07 B","R$ 6,51 B","5,08",+16.55%,+8.53%,SMTO3
66,"R$ 1,7 B","R$ 279,28 M",16.42%,"R$ 292,76 M",17.21%,"R$ 4,21 B","R$ 528,51 M","R$ 125,62 M","R$ 1,6 B","7,03",+17.37%,+8.68%,MDNE3
67,"R$ 51,02 B","R$ 4,32 B",8.47%,"R$ 13,06 B",25.59%,"R$ 110,81 B","R$ 50,69 B","R$ 44,98 B","R$ 35,35 B","7,48",+12.23%,+7.73%,NEOE3
68,"R$ 4,59 B","R$ 6,44 M",0.14%,"R$ 1,95 B",42.58%,"R$ 20,66 B","R$ 11,98 B","R$ 10,73 B","R$ 5,51 B","1.158,00",+0.11%,+4.37%,SRNA3
69,"R$ 14,68 B","R$ 400,58 M",2.72%,"R$ 216,08 M",1.47%,"R$ 66,68 B",,"R$ -2,16 M","R$ 7,52 B","25,44",+5.32%,+0.37%,BPAN4
70,"R$ 11,9 B","R$ 3,14 B",26.38%,"R$ 6,77 B",56.92%,"R$ 53,3 B","R$ 27,09 B","R$ 21,43 B","R$ 13,41 B","10,18",+23.41%,+9.06%,EGIE3
71,"R$ 42,44 B","R$ 15,25 M",0.03%,"R$ 10,97 B",25.84%,"R$ 83,59 B","R$ 59,24 B","R$ 45,5 B","R$ 5,79 B","256,86",+0.26%,+7.01%,SIMH3
72,"R$ 15,03 B","R$ 2,42 B",16.1%,"R$ 2,3 B",15.35%,"R$ 26,15 B","R$ 9,63 B","R$ 6,46 B","R$ 5,58 B","1,01",+43.3%,+6.02%,LIGT3
73,"R$ 7,31 B","R$ 382,81 M",5.23%,"R$ 1,02 B",13.99%,"R$ 8,43 B","R$ 2,6 B","R$ 2,17 B","R$ 2,91 B","6,30",+13.15%,+6.94%,SBFG3
74,"R$ 11,05 B","R$ -581,69 M",-5.26%,"R$ 2,46 B",22.3%,"R$ 49,2 B","R$ 24,67 B","R$ 19,73 B","R$ 14,06 B","-17,32",-4.13%,+2.36%,AURE3
75,"R$ 3,61 B","R$ 377,08 M",10.41%,"R$ 450,61 M",12.45%,"R$ 5,85 B","R$ 1,19 B","R$ 429,46 M","R$ 1,19 B","6,88",+31.44%,+10.53%,TEND3
76,"R$ 14,27 B","R$ 286,45 M",2%,"R$ 5,2 B",36.5%,"R$ 29,77 B","R$ 19,48 B","R$ 16,04 B","R$ 2,64 B","8,86",+10.81%,+8.74%,MOVI3
77,"R$ 3,45 B","R$ -16,17 M",-0.46%,"R$ 452,94 M",13.11%,"R$ 3,81 B","R$ 428,01 M","R$ 54,09 M","R$ 1,68 B","-111,03",-0.96%,+3.07%,PETZ3
78,,"R$ 703,02 M",,"R$ 875,29 M",,"R$ 16,04 B","R$ 506,9 M","R$ -4,09 B","R$ 5,08 B","5,44",+13.81%,+9.11%,IRBR3
79,"R$ 3,31 B","R$ 814,28 M",24.53%,"R$ 1,76 B",53.11%,"R$ 5,51 B","R$ 2,68 B","R$ 2,11 B","R$ 801,59 M","14,97",+101.58%,+28.1%,STBP3
80,"R$ 16,74 B","R$ 2,22 B",13.26%,"R$ 5,46 B",32.61%,"R$ 35,99 B","R$ 9,26 B","R$ -5,09 B","R$ 9,23 B","11,99",+24.03%,+15.19%,CMIN3
81,"R$ 5,37 B","R$ 319,16 M",5.93%,"R$ 1,73 B",32.29%,"R$ 9,83 B","R$ 5,36 B","R$ 4,43 B","R$ 3,11 B","10,68",+10.23%,+7.11%,YDUQ3
82,"R$ 4,35 B","R$ 258,68 M",5.94%,"R$ 491,29 M",11.28%,"R$ 6,19 B","R$ 684,56 M","R$ -180,01 M","R$ 4,13 B","25,05",+6.25%,+3.15%,ALPA4
83,"R$ 12,88 B","R$ 441,59 M",3.42%,"R$ 1,57 B",12.21%,"R$ 17,46 B","R$ 8,96 B","R$ 7,23 B","R$ 4,33 B","5,04",+10.19%,+5.7%,RAPT4
84,"R$ 77,73 B","R$ -6,51 B",-8.36%,"R$ 3,56 B",4.58%,"R$ 91,3 B","R$ 46,56 B","R$ 36,26 B","R$ -3,25 B","-0,97",+199.93%,-1.97%,BRKM5
85,"R$ 28,23 B","R$ -1,78 B",-6.31%,"R$ 1,97 B",6.97%,"R$ 33,52 B","R$ 10,42 B","R$ 8,54 B","R$ 1,53 B","-0,16",-115.91%,+5.15%,BHIA3
86,"R$ 3,36 B","R$ 656,95 M",19.54%,"R$ 1,63 B",48.8%,"R$ 7,2 B","R$ 1,82 B","R$ 1,17 B","R$ 4,43 B","5,68",+14.8%,+9.67%,RECV3
87,"R$ 1,71 B","R$ 1,05 B",61.61%,"R$ 1,61 B",94.26%,"R$ 14,55 B","R$ 5,15 B","R$ 3,26 B","R$ 6,16 B","3,40",+17.14%,+9%,JHSF3
88,"R$ 1,66 B","R$ 521,62 M",31.31%,"R$ 353,41 M",21.21%,"R$ 7,03 B","R$ 1,53 B","R$ 337,94 M","R$ 5,1 B","6,06",+10.22%,+3.36%,EZTC3
89,"R$ 9,82 B","R$ 586,88 M",5.97%,"R$ 1,09 B",11.12%,"R$ 12,7 B","R$ 1,87 B","R$ -282,88 M","R$ 8,14 B","16,65",+7.2%,+4.62%,MDIA3
90,"R$ 3,87 B","R$ 279,74 M",7.21%,"R$ 1,35 B",34.9%,R$ 10 B,"R$ 5,46 B","R$ 4,02 B","R$ 2,95 B","4,58",+9.47%,+7.16%,ANIM3
91,"R$ 393,18 M","R$ 47,91 M",12.18%,"R$ 75,63 M",19.23%,"R$ 655,32 M",R$ 144000,"R$ -71,32 M","R$ 535,74 M","13,71",+8.94%,+7.38%,CASH3
92,"R$ 3,15 B","R$ 587,16 M",18.62%,R$ 699 M,22.17%,"R$ 2,93 B","R$ 257,7 M","R$ 13,85 M","R$ 2,2 B","8,86",+26.61%,+15.73%,VULC3
93,"R$ 1,39 B","R$ 32,53 M",2.31%,"R$ 255,4 M",18.26%,"R$ 3,99 B","R$ 78,24 M","R$ -395,53 M","R$ 2,73 B","67,43",+1.18%,+2.86%,LWSA3
94,"R$ 935,12 M","R$ 40,72 M",4.34%,"R$ 418,2 M",44.72%,"R$ 3,38 B","R$ 1,92 B","R$ 1,51 B","R$ 870,31 M","97,87",+4.67%,+5.83%,ORVR3
95,"R$ 10,55 B","R$ -41,49 M",-0.39%,"R$ 873,29 M",8.27%,"R$ 10,69 B","R$ 4,25 B","R$ 2,54 B","R$ 3,32 B","-51,59",-1.24%,+4.18%,TUPY3
96,"R$ 10,47 B","R$ 739,3 M",7.05%,"R$ 4,89 B",46.75%,"R$ 32,69 B","R$ 22,91 B","R$ 19,93 B","R$ 4,03 B","6,67",+18.3%,+9.11%,ECOR3
97,"R$ 369,42 B","R$ 43,82 B",11.86%,"R$ 51,74 B",14%,"R$ 2877,42 B",,"R$ -32,17 B","R$ 218,45 B","8,30",+20.05%,+13.4%,ITUB3
98,"R$ 13,64 B","R$ 792,34 M",5.8%,"R$ 1,29 B",9.5%,"R$ 9,83 B","R$ 2,2 B","R$ 553,37 M","R$ 4,16 B","8,31",+19.03%,+12.39%,TTEN3
99,"R$ 2,78 B","R$ 420,62 M",15.11%,"R$ 521,22 M",18.72%,"R$ 3,04 B","R$ 737,8 M","R$ 184,03 M","R$ 988,38 M","6,29",+42.55%,+19.14%,PLPL3
100,"R$ 2,72 B","R$ 810,83 M",29.72%,"R$ 484,04 M",17.73%,"R$ 4,45 B","R$ 86,4 M","R$ -1,32 B","R$ 4,01 B","5,77",+20.17%,+6.54%,GRND3
101,"R$ 1,65 B","R$ -390,5 M",-23.6%,"R$ 401,09 M",24.24%,"R$ 6,87 B","R$ 3,73 B","R$ 2,64 B","R$ 2,2 B","-12,54",-17.72%,-0.16%,HBSA3
102,"R$ 15,93 B","R$ 372,62 M",2.33%,"R$ 1,58 B",9.93%,"R$ 14,92 B","R$ 5,59 B","R$ 3,91 B","R$ 4,76 B","5,66",+7.82%,+6.61%,MYPK3
103,"R$ 1,71 B","R$ 301,8 M",17.6%,"R$ 829,26 M",48.36%,"R$ 3,78 B","R$ 1,76 B","R$ 1,24 B","R$ 1,53 B","9,20",+19.68%,+11.62%,MILS3
104,,,,,,,,,,,,,
105,"R$ 5,65 B","R$ 793,53 M",14.03%,"R$ 1,39 B",24.61%,"R$ 7,53 B","R$ 2,8 B","R$ 1,05 B","R$ 2,82 B","8,11",+28.06%,+12.44%,UNIP6
106,"R$ 882,41 M","R$ 126,15 M",14.29%,"R$ 197,29 M",22.35%,"R$ 829,4 M","R$ 147,23 M","R$ 96,79 M","R$ 484,02 M","115,14",+26.06%,+18.84%,TFCO4
107,"R$ 1,56 B","R$ 149,97 M",9.56%,"R$ 265,8 M",16.95%,"R$ 1,52 B","R$ 343,72 M","R$ -14,51 M","R$ 728,88 M","8,15",+20.57%,+13.98%,KEPL3
108,"R$ 6,99 B","R$ 2,26 B",32.33%,"R$ 3,17 B",45.31%,"R$ 24,91 B","R$ 6,69 B","R$ 5,3 B","R$ 11,78 B","4,32",+19.19%,+9.19%,SAPR4
109,"R$ 2,2 B","R$ 280,43 M",12.69%,"R$ 385,87 M",17.46%,"R$ 1,39 B","R$ 197,06 M","R$ -150,08 M","R$ 993,35 M","8,34",+28.23%,+19.8%,TGMA3
110,"R$ 1,67 B","R$ -134,71 M",-8.02%,"R$ 614,16 M",36.61%,"R$ 4,51 B","R$ 2,52 B","R$ 1,92 B","R$ 1,23 B","-9,84",-10.92%,+6.96%,ARML3
111,"R$ 2,07 B","R$ 59,99 M",2.89%,"R$ 520,72 M",25.14%,"R$ 3,41 B","R$ 904,94 M","R$ 587,23 M","R$ 1,25 B","18,77",+4.79%,+9.16%,SEER3
112,"R$ 1,23 B","R$ 154,34 M",12.47%,"R$ 170,42 M",13.77%,"R$ 6,46 B","R$ 1,74 B","R$ 1,52 B","R$ 2,81 B","2,38",+5.47%,+2.16%,HBOR3
113,"R$ 8,32 B","R$ 212,12 M",2.54%,"R$ 1,94 B",23.37%,"R$ 17,98 B","R$ 6,61 B","R$ 5,15 B","R$ 7,04 B","21,62",+3%,+3.24%,DXCO3
114,"R$ 6,26 B","R$ -868,98 M",-13.87%,"R$ 95,62 M",1.52%,"R$ 10,82 B","R$ 5,45 B","R$ 3,81 B","R$ 3,24 B","-3,95",-26.79%,-1.79%,ONCO3
115,"R$ 2,15 B","R$ 281,85 M",13.05%,"R$ 441,7 M",20.45%,"R$ 2,86 B","R$ 573,38 M","R$ 60,86 M","R$ 1,75 B","5,80",+16.1%,+9.58%,VLID3
116,,,,,,,,,,,,,
117,"R$ 20,37 B","R$ 2,3 B",11.3%,"R$ 9,24 B",45.38%,"R$ 60,33 B","R$ 35,96 B","R$ 27,88 B","R$ 13,38 B","9,52",+17.2%,+6.27%,KLBN4
118,"R$ 2,39 B","R$ 272,75 M",11.39%,"R$ 373,69 M",15.6%,"R$ 4,27 B","R$ 297,75 M","R$ -674,16 M","R$ 3,37 B","7,81",+8.09%,+1.73%,FESA4
119,"R$ 1,4 B","R$ 32,2 M",2.27%,"R$ 176,21 M",12.5%,"R$ 1,42 B","R$ 730,13 M","R$ 362,24 M","R$ 359,03 M","26,58",+8.96%,+6.81%,PRNR3
120,"R$ 4,83 B","R$ 343,86 M",7.11%,"R$ 909,14 M",18.79%,"R$ 6,63 B","R$ 2,68 B","R$ 1,92 B","R$ 2,21 B","16,88",+15.5%,+9.25%,FRAS3
121,"R$ 2,18 B","R$ -34,67 M",-1.58%,"R$ 1,66 B",76.2%,"R$ 7,34 B","R$ 4,56 B","R$ 3,38 B","R$ 2,01 B","-26,44",-1.71%,+6.53%,JALL3
122,"R$ 1,53 B","R$ 129,61 M",8.44%,"R$ 191,47 M",12.48%,"R$ 1,62 B",,"R$ -520,43 M","R$ 1,16 B","13,16",+11.1%,+6.99%,BMOB3
123,,,,,,,,,,,,,
124,"R$ 1,94 B","R$ 172,79 M",8.9%,"R$ 210,78 M",10.86%,"R$ 3,58 B","R$ 853,16 M","R$ 288,25 M","R$ 1,96 B","7,94",+8.77%,+3.6%,SOJA3
125,"R$ 5,38 B","R$ 111,53 M",2.06%,"R$ 227,17 M",4.22%,"R$ 3,33 B","R$ 450,4 M","R$ 213,37 M","R$ 1,49 B","7,71",+7.43%,+5.94%,ALLD3
126,"R$ 1,32 B","R$ 670,94 M",50.48%,"R$ 900,97 M",67.78%,"R$ 3,16 B","R$ 838,17 M","R$ 399,7 M","R$ 1,85 B","1,59",+36.15%,+20.17%,SYNE3
127,"R$ 1,49 B","R$ 61,63 M",4.13%,"R$ 96,85 M",6.49%,"R$ 5,12 B","R$ 1,12 B","R$ 202,41 M","R$ 2,17 B","22,40",+2.82%,+1.85%,EVEN3
128,"R$ 1,68 B","R$ 386,75 M",22.92%,"R$ 625,06 M",37.04%,"R$ 3,76 B","R$ 1,78 B","R$ 1,15 B","R$ 1,42 B","4,50",+27.19%,+8.64%,RANI3
129,"R$ 1,98 B","R$ 266,34 M",13.42%,"R$ 363,23 M",18.3%,"R$ 2,79 B","R$ 831,95 M","R$ -45,58 M","R$ 1,46 B","6,44",+18.13%,+8.41%,SHUL4
130,"R$ 1,14 B","R$ 80,3 M",7.04%,"R$ 108,38 M",9.5%,"R$ 2,31 B","R$ 667,32 M","R$ 484,71 M","R$ 1,04 B","4,39",+7.7%,+3.12%,MTRE3
131,"R$ 13,68 B","R$ 163,02 M",1.19%,"R$ 1,2 B",8.78%,"R$ 9,11 B","R$ 1,7 B","R$ 1,45 B","R$ 2,78 B","13,99",+5.85%,+10.05%,PGMN3
132,"R$ 1,76 B","R$ 280,1 M",15.84%,"R$ 482,06 M",27.27%,"R$ 3,47 B","R$ 503,85 M","R$ 205,93 M","R$ 2,25 B","7,61",+12.43%,+10.1%,BLAU3
133,"R$ 4,21 B","R$ 351,67 M",8.34%,"R$ 402,42 M",9.53%,"R$ 30,05 B",,"R$ -45,77 M","R$ 1,16 B","3,96",+30.18%,+21.98%,PINE4
134,"R$ 542,91 M","R$ 42,86 M",7.89%,"R$ 56,87 M",10.47%,"R$ 579,78 M","R$ 28,13 M","R$ -144,52 M","R$ 469,61 M","8,11",+9.11%,+5.62%,MTSA4
135,,,,,,,,,,,,,
136,"R$ 1,35 B","R$ 309,58 M",22.84%,,,"R$ 3,97 B","R$ 1,33 B","R$ 1,25 B","R$ 2,16 B","6,52",+14.26%,+7.51%,AGRO3
137,"R$ 1,31 B","R$ 186,74 M",14.19%,"R$ 219,98 M",16.71%,"R$ 3,11 B","R$ 878,4 M","R$ 355,76 M","R$ 1,52 B","6,23",+12.23%,+5.2%,TRIS3
138,"R$ 1,69 B","R$ -23,08 M",-1.36%,"R$ 515,09 M",30.47%,"R$ 2,91 B","R$ 1,62 B","R$ 1,2 B","R$ 944,91 M","-56,73",-2.44%,+6.24%,OPCT3
139,"R$ 4,97 B","R$ 97,42 M",1.95%,"R$ 413,84 M",8.31%,"R$ 3,17 B","R$ 1,22 B","R$ 1,01 B","R$ 1,24 B","15,60",+7.82%,+5.3%,PNVL3
140,"R$ 1,07 B","R$ 178,16 M",16.54%,"R$ 527,34 M",48.96%,"R$ 2,3 B","R$ 552,61 M","R$ 235,4 M","R$ 1,26 B","8,09",+14.07%,+10.19%,FIQE3
141,"R$ 3,96 B","R$ 1,68 B",42.44%,"R$ 2,27 B",57.2%,"R$ 21,03 B","R$ 10,25 B","R$ 9,45 B","R$ 7,29 B","6,86",+23.08%,+8.43%,TAEE4
142,"R$ 1,54 B","R$ 12,45 M",0.80%,"R$ 545,94 M",35.27%,"R$ 4,41 B","R$ 1,93 B","R$ 870,29 M","R$ 1,31 B","39,07",+0.94%,+3.52%,QUAL3
143,"R$ 1,56 B","R$ 118,42 M",7.55%,"R$ 182,51 M",11.64%,"R$ 2,56 B","R$ 802,12 M","R$ 607,75 M","R$ 1,27 B","5,69",+9.28%,+4.38%,TASA4
144,,,,,,,,,,,,,
145,"R$ 3,46 B","R$ -115,59 M",-3.33%,"R$ 75,2 M",2.16%,"R$ 5,34 B","R$ 656,76 M","R$ 157,88 M","R$ 2,97 B","-7,33",-3.89%,+0.30%,MLAS3
146,"R$ 6,99 B","R$ 2,26 B",32.33%,"R$ 3,17 B",45.31%,"R$ 24,91 B","R$ 6,69 B","R$ 5,3 B","R$ 11,78 B","5,23",+19.19%,+9.19%,SAPR3
147,R$ 1 B,"R$ 115,64 M",11.46%,"R$ 51,96 M",5.14%,"R$ 2,48 B","R$ 349,74 M","R$ -2,47 M","R$ 1,22 B","6,06",+9.42%,+2%,MELK3
148,"R$ 735,93 M","R$ 103,55 M",14.07%,"R$ 100,68 M",13.68%,"R$ 1,32 B",,"R$ -205,74 M","R$ 947,33 M","5,27",+10.93%,+5.09%,CGRA4
149,"R$ 153,69 M","R$ -263,14 M",-171.2%,"R$ -208,07 M",-135.37%,"R$ 1,31 B","R$ 144,08 M","R$ 133,15 M","R$ 718,47 M","-1,31",-36.61%,-18.73%,AZEV4
150,"R$ 403,13 M","R$ 277,8 M",68.91%,"R$ 140,94 M",34.96%,"R$ 2,89 B","R$ 1,06 B","R$ 740,58 M","R$ 1,53 B","3,89",+18.05%,+2.11%,SCAR3
151,"R$ 1,3 B","R$ 92,42 M",7.07%,"R$ 153,05 M",11.72%,"R$ 2,5 B","R$ 774,71 M","R$ 528,24 M","R$ 1,22 B","7,88",+7.55%,+2.9%,ROMI3
152,"R$ 11,47 B","R$ -1,46 B",-12.73%,"R$ -475,34 M",-4.13%,"R$ 9,2 B","R$ 3,66 B","R$ 2,85 B","R$ 1,78 B","-0,22",-81.75%,-9.65%,VVEO3
153,"R$ 153,69 M","R$ -263,14 M",-171.2%,"R$ -208,07 M",-135.37%,"R$ 1,31 B","R$ 144,08 M","R$ 133,15 M","R$ 718,47 M","-1,26",-36.61%,-18.73%,AZEV3
154,"R$ 10,9 M","R$ -20,35 M",-186.62%,"R$ -12,66 M",-116.13%,"R$ 46,65 M",,R$ -4000,"R$ -19,38 M","-1,66",+104.99%,+50.78%,RCSL4
155,"R$ 8,32 B","R$ 15,66 B",188.05%,R$ 2 B,24.08%,"R$ 114,12 B","R$ 11,43 B","R$ 4,11 B","R$ 94,05 B","7,72",+16.64%,+0.45%,ITSA3
156,"R$ 265,54 M","R$ -20,72 M",-7.8%,"R$ 1,63 M",0.61%,"R$ 420,92 M",,"R$ -198,63 M","R$ 306,08 M","-9,89",-6.77%,-7.87%,ENJU3
157,"R$ 1,03 B","R$ -1,71 B",-165.92%,"R$ -1,43 B",-138.97%,"R$ 1,45 B","R$ 831,06 M","R$ 743,88 M","R$ -147,83 M","-0,04",+1157.08%,-148.54%,IFCM3
158,"R$ 3,96 B","R$ 1,68 B",42.44%,"R$ 2,27 B",57.2%,"R$ 21,03 B","R$ 10,25 B","R$ 9,45 B","R$ 7,29 B","6,77",+23.08%,+8.43%,TAEE3
159,"R$ 9,03 B","R$ 314,12 M",3.47%,"R$ 339,14 M",3.75%,"R$ 50,59 B",,"R$ -279,43 M","R$ 4,43 B","6,77",+7.08%,+2.72%,BMGB4
160,"R$ 1,65 B","R$ 14,05 B",847.42%,"R$ -609,89 M",-36.77%,"R$ 19,64 B","R$ 11,29 B","R$ 9,84 B","R$ -14,63 B","0,01",-96.05%,+26.57%,OIBR3
161,"R$ 11,03 B","R$ 124,09 M",1.12%,"R$ 495,46 M",4.49%,"R$ 5,37 B","R$ 1,09 B","R$ 844,27 M","R$ 1,62 B","7,56",+7.65%,+7.55%,PFRM3
162,,,,,,,,,,,,,
163,"R$ 587,51 M","R$ 94,74 M",16.12%,"R$ 145,36 M",24.74%,"R$ 644,49 M","R$ 108,73 M","R$ 98,54 M","R$ 337,05 M","3,20",+28.11%,+17.96%,EALT4
164,"R$ 20,37 B","R$ 2,3 B",11.3%,"R$ 9,24 B",45.38%,"R$ 60,33 B","R$ 35,96 B","R$ 27,88 B","R$ 13,38 B","9,73",+17.2%,+6.27%,KLBN3
165,"R$ 35,62 M","R$ -61,68 M",-173.15%,"R$ -55,65 M",-156.22%,"R$ 228,71 M",R$ 27000,"R$ -23,94 M","R$ 207,09 M","-5,40",-29.78%,-20.83%,TRAD3
166,"R$ 1,17 B","R$ 88,52 M",7.54%,"R$ 595,01 M",50.74%,"R$ 3,99 B","R$ 1,78 B","R$ 1,12 B","R$ 1,41 B","10,10",+6.26%,+7.35%,DESK3
167,"R$ 2,62 B","R$ 192,09 M",7.3%,"R$ 784,52 M",29.83%,"R$ 4,8 B","R$ 1,32 B","R$ 509,82 M","R$ 1,55 B","9,49",+12.33%,+12.08%,CSED3
168,"R$ 15,42 B","R$ -1,13 B",-7.34%,"R$ 2,53 B",16.39%,"R$ 28,26 B","R$ 12,61 B","R$ 9,04 B","R$ 7,83 B","-1,54",-14.47%,+3.74%,DASA3
169,"R$ 2,14 B","R$ -349,69 M",-16.32%,"R$ -266,33 M",-12.43%,"R$ 4,37 B","R$ 1,43 B","R$ 759,7 M","R$ 1,48 B","-4,49",-23.54%,-8.49%,MATD3
170,"R$ 2,57 B","R$ -146,68 M",-5.7%,"R$ 311,31 M",12.1%,"R$ 3,62 B","R$ 1,28 B","R$ 998,15 M","R$ 248,67 M","-3,50",-58.98%,+4.88%,PTBL3
171,"R$ 2,18 B","R$ 165,13 M",7.56%,"R$ 270,02 M",12.36%,"R$ 1,57 B","R$ 237,18 M","R$ 9,87 M","R$ 1,01 B","5,37",+16.28%,+12.48%,DEXP3
172,"R$ 4,9 B","R$ 1,13 B",23.07%,"R$ 1,26 B",25.81%,"R$ 54,31 B",,"R$ -454,41 M","R$ 6,53 B","3,65",+17.32%,+12.39%,BAZA3
173,,,,,,,,,,,,,BIVB39
174,"R$ 2,96 B","R$ 240,65 M",8.11%,"R$ 638,9 M",21.57%,"R$ 4,85 B","R$ 1,05 B","R$ 584,85 M","R$ 2,65 B","6,64",+9.07%,+7.39%,EUCA4
175,"R$ 139,73 M","R$ -476,74 M",-341.19%,"R$ -94,94 M",-67.94%,"R$ 514,54 M","R$ 426,57 M","R$ 396,88 M","R$ -3,5 B","-0,01",+13.6%,+2.04%,PDGR3
176,"R$ 1,71 B","R$ 3,6 M",0.20%,"R$ 477,97 M",27.84%,"R$ 2,6 B","R$ 1,56 B","R$ 1,23 B","R$ 361,69 M","184,31",+0.99%,+7.89%,ALPK3
177,"R$ 6,9 B","R$ 562,67 M",8.15%,"R$ 724,89 M",10.5%,"R$ 29,8 B",,"R$ -5,84 B","R$ 2,1 B","7,80",+26.69%,+17.05%,BMEB4
178,"R$ 1,24 B","R$ -55,56 M",-4.46%,"R$ 238,17 M",19.14%,"R$ 2,85 B","R$ 665,55 M","R$ 543,28 M","R$ 1,11 B","-14,74",-4.98%,+4.83%,AALR3
179,,"R$ 1,08 B",,"R$ -75,96 M",,"R$ 8,81 B",,"R$ -294,06 M","R$ 8,76 B","5,43",+12.33%,-0.57%,BRAP3
180,"R$ 12,88 B","R$ 441,59 M",3.42%,"R$ 1,57 B",12.21%,"R$ 17,46 B","R$ 8,96 B","R$ 7,23 B","R$ 4,33 B","5,04",+10.19%,+5.7%,RAPT3
181,"R$ 195,12 M","R$ 106,49 M",54.57%,"R$ 296,61 M",152.01%,"R$ 5,2 B","R$ 1,64 B","R$ 1,45 B","R$ 2,91 B","3,52",+3.64%,+4.2%,HBRE3
182,"R$ 2,22 B","R$ -87,03 M",-3.91%,"R$ 260,16 M",11.7%,"R$ 2,64 B","R$ 587,08 M","R$ 393,11 M","R$ 987,88 M","-4,30",-8.8%,+0.47%,MEAL3
183,"R$ 438,81 M","R$ 246,76 M",56.23%,"R$ 157,47 M",35.88%,"R$ 1,48 B",,"R$ -577,72 M","R$ 1,31 B","6,22",+18.7%,+7.46%,CEBR3
184,"R$ 69,1 B","R$ 3,3 B",4.76%,"R$ 9,09 B",13.16%,"R$ 86,91 B","R$ 18,09 B","R$ 9,1 B","R$ 55,17 B","2,74",+5.98%,+5.09%,GOAU3
185,"R$ 438,81 M","R$ 246,76 M",56.23%,"R$ 157,47 M",35.88%,"R$ 1,48 B",,"R$ -577,72 M","R$ 1,31 B","6,72",+18.7%,+7.46%,CEBR6
186,,,,,,,,,,,,,
187,"R$ 438,81 M","R$ 246,76 M",56.23%,"R$ 157,47 M",35.88%,"R$ 1,48 B",,"R$ -577,72 M","R$ 1,31 B","6,31",+18.7%,+7.46%,CEBR5
188,"R$ 616,86 M","R$ 66,6 M",10.79%,"R$ 12,26 M",1.98%,"R$ 2,15 B",,"R$ -266,04 M","R$ 1,23 B","16,09",+5.4%,+0.09%,EMAE4
189,"R$ 440,55 M","R$ 62,47 M",14.18%,"R$ 61,61 M",13.98%,"R$ 688,25 M","R$ 97,18 M","R$ 30,61 M","R$ 417,85 M","6,30",+14.95%,+9.17%,TECN3
190,"R$ 151,21 B","R$ 11,85 B",7.84%,"R$ 18,42 B",12.18%,"R$ 1240,33 B",,"R$ -24,37 B","R$ 123,26 B","8,08",+9.61%,+8.41%,SANB3
191,"R$ 871,01 M","R$ 7,02 M",0.80%,"R$ 250,83 M",28.79%,"R$ 1,43 B",,"R$ -131,96 M","R$ 645,38 M","28,47",+1.08%,+5.42%,LVTC3
192,"R$ 162,3 M","R$ -7,27 M",-4.48%,"R$ 34,04 M",20.97%,"R$ 188,48 M","R$ 57,56 M","R$ 32,39 M","R$ -247,36 M","-11,99",+2.94%,-1.67%,DOTZ3
193,"R$ 11,03 B","R$ 736,47 M",6.67%,"R$ 1,59 B",14.43%,"R$ 13,42 B","R$ 4,21 B","R$ 3,46 B","R$ 3,86 B","5,34",+19.05%,+10.1%,CLSC4
194,"R$ 1,03 B","R$ -1,15 B",-112.31%,"R$ -800,98 M",-77.66%,"R$ 2,04 B","R$ 1,69 B","R$ 1,62 B","R$ -63,52 M","-0,23",+1823.35%,-36.35%,AERI3
195,"R$ 1,36 B","R$ 559,02 M",40.97%,"R$ 1,17 B",86.11%,"R$ 9,72 B","R$ 4,09 B","R$ 2,38 B","R$ 4,51 B","5,87",+12.38%,+7.79%,IGTI3
196,"R$ 1,04 B","R$ 9,01 M",0.86%,"R$ 240,07 M",22.95%,"R$ 2,22 B","R$ 812,36 M",R$ 629 M,"R$ 871,3 M","41,28",+1.03%,+5.9%,ESPA3
197,"R$ 2,91 B","R$ 89,58 M",3.07%,"R$ 681,7 M",23.38%,"R$ 3,96 B","R$ 1,68 B","R$ 1,38 B","R$ 1,04 B","29,67",+8.56%,+9.41%,LOGN3
198,"R$ 540,37 M","R$ -1,53 B",-283.88%,"R$ -318,9 M",-59.01%,"R$ 1,55 B","R$ 5,28 B","R$ 5,24 B","R$ -6,65 B","-0,08",+23.04%,+19.38%,PMAM3
199,"R$ 208,65 M","R$ 38,15 M",18.28%,"R$ 62,27 M",29.84%,"R$ 403,89 M",,"R$ -70,57 M","R$ 235,71 M","5,50",+16.18%,+11.92%,LPSB3
200,"R$ 412,43 M","R$ 69,61 M",16.88%,"R$ 92,59 M",22.44%,"R$ 385,87 M","R$ 2,6 M","R$ -57,76 M","R$ 307,56 M","6,00",+22.63%,+16.72%,CAMB3
201,"R$ 69,1 B","R$ 3,3 B",4.76%,"R$ 9,11 B",13.18%,"R$ 86,85 B","R$ 18,09 B","R$ 9,11 B","R$ 55,12 B","8,93",+5.98%,+5.11%,GGBR3
202,"R$ 362,87 M","R$ 14,53 M",4%,"R$ 60,45 M",16.64%,"R$ 380,49 M",R$ 86000,R$ 22000,"R$ -300,75 M","14,07",-4.83%,-11.32%,MNPR3
203,"R$ 86,08 M","R$ 16,31 M",18.95%,"R$ 30,34 M",35.25%,"R$ 922,24 M","R$ 43,56 M","R$ 26,95 M","R$ 732,06 M","60,14",+2.22%,+2.31%,LAND3
204,"R$ 276,26 M","R$ -30,68 M",-11.1%,"R$ 16,41 M",5.94%,"R$ 594,13 M","R$ 18,5 M","R$ -113,35 M","R$ 441,25 M","-7,45",-6.95%,-6.04%,NGRD3
205,,,,,,,,,,,,,BSLV39
206,"R$ 10,9 M","R$ -20,35 M",-186.62%,"R$ -12,66 M",-116.13%,"R$ 46,65 M",,R$ -4000,"R$ -19,38 M","-2,80",+104.99%,+50.78%,RCSL3
207,,,,,,,,,,,,,BIWM39
208,"R$ 77,73 B","R$ -6,51 B",-8.36%,"R$ 3,56 B",4.58%,"R$ 91,3 B","R$ 46,56 B","R$ 36,26 B","R$ -3,25 B","-1,08",+199.93%,-1.97%,BRKM3
209,"R$ 4,62 B","R$ 428,63 M",9.26%,"R$ 695,78 M",15.03%,"R$ 36,91 B",,"R$ -4,29 B","R$ 2,31 B","6,25",+18.52%,+16.98%,BEES3
210,,,,,,,,,,,,,
211,"R$ 49,48 B","R$ 13,41 B",27.09%,"R$ 5,15 B",10.4%,"R$ 545,46 B",,"R$ -1,37 B","R$ 63,7 B","20,32",+21.05%,+4.96%,BPAC3
212,"R$ 4,4 M","R$ -236,77 M",-5378.75%,"R$ -65,91 M",-1497.45%,"R$ 932,84 M","R$ 927,51 M","R$ 927,06 M","R$ -1,44 B","-0,31",+16.34%,+9.18%,INEP3
213,"R$ 8,57 B","R$ 2,18 B",25.45%,"R$ 4,07 B",47.54%,"R$ 70,92 B",,"R$ -1,62 B","R$ 14,11 B","4,34",+15.46%,+18.89%,BNBR3
214,"R$ 402,53 M","R$ 60,18 M",14.95%,"R$ 93,79 M",23.29%,"R$ 422,22 M","R$ 14,01 M","R$ -40,64 M","R$ 253,7 M","6,66",+23.72%,+21.41%,RSUL4
215,,"R$ -81,15 M",,R$ -240 M,,"R$ 2,11 B","R$ 669,02 M","R$ -543,49 M","R$ 990,92 M","-19,55",-8.18%,-9.56%,MOAR3
216,"R$ 17,59 B","R$ 767,24 M",4.34%,"R$ 1,09 B",6.23%,"R$ 151,51 B",,"R$ -2,29 B","R$ 10,56 B","6,40",+7.25%,+4.29%,BRSR3
217,"R$ 4,61 B","R$ -3,02 B",-65.47%,"R$ -1,81 B",-39.31%,"R$ 3,63 B","R$ 1,54 B","R$ 1,06 B","R$ -1,74 B","-0,03",+173%,+639.87%,AGXY3
218,"R$ 699,46 M","R$ -869,16 M",-124.26%,"R$ -567,51 M",-81.13%,"R$ 1,9 B","R$ 564,02 M","R$ 548,01 M","R$ 321,1 M","-0,06",-270.68%,-53.16%,SEQL3
219,"R$ 13,16 B","R$ 896,97 M",6.81%,"R$ 1,23 B",9.38%,"R$ 10,05 B","R$ 1,11 B","R$ -1,76 B","R$ 2,74 B","7,54",+32.68%,+16.77%,WHRL4
220,"R$ 4,35 B","R$ 258,68 M",5.94%,"R$ 491,29 M",11.28%,"R$ 6,19 B","R$ 684,56 M","R$ -180,01 M","R$ 4,13 B","23,43",+6.25%,+3.15%,ALPA3
221,R$ 1 B,"R$ 6,16 M",0.61%,"R$ 83,28 M",8.28%,"R$ 721,06 M","R$ 567,59 M","R$ 548,06 M","R$ 20,79 M","4,76",+29.64%,+6.93%,MGEL4
222,"R$ 587,51 M","R$ 94,74 M",16.12%,"R$ 145,36 M",24.74%,"R$ 644,49 M","R$ 108,73 M","R$ 98,54 M","R$ 337,05 M","3,53",+28.11%,+17.96%,EALT3
223,"R$ 1,19 B","R$ -66,51 M",-5.56%,"R$ 185,58 M",15.53%,"R$ 2,64 B","R$ 1,35 B","R$ 1,3 B","R$ 856,93 M","-2,43",-7.76%,-1.15%,TPIS3
224,"R$ 1,56 B","R$ 118,42 M",7.55%,"R$ 182,51 M",11.64%,"R$ 2,56 B","R$ 802,12 M","R$ 607,75 M","R$ 1,27 B","6,51",+9.28%,+4.38%,TASA3
225,"R$ 300,72 M","R$ -112,69 M",-37.47%,"R$ 25,26 M",8.4%,"R$ 3,16 B","R$ 1,14 B","R$ 1,04 B","R$ 758,41 M","-4,37",-14.85%,-2.78%,RNEW3
226,"R$ 822,9 M","R$ 48,17 M",5.85%,,,"R$ 1,06 B","R$ 386,75 M","R$ 141,46 M","R$ 529,74 M","4,52",+9.09%,+3.8%,PTNT4
227,"R$ 106,54 M","R$ -35,75 M",-33.56%,"R$ 16,05 M",15.06%,"R$ 503,97 M","R$ 180,81 M","R$ 177,01 M","R$ 121,24 M","-1,37",-29.49%,+3.5%,LUPA3
228,"R$ 4,54 B","R$ -950,98 M",-20.93%,"R$ -152,32 M",-3.35%,"R$ 2,9 B","R$ 24,91 M","R$ -196,82 M","R$ -1,08 B","-0,24",+87.43%,+12.71%,FHER3
229,"R$ 430,12 M","R$ -138,35 M",-32.15%,"R$ -165,95 M",-38.58%,"R$ 1,25 B","R$ 593,09 M","R$ 448,49 M","R$ 383,25 M","-0,89",-36.09%,-11.73%,TCSA3
230,"R$ 735,93 M","R$ 103,55 M",14.07%,"R$ 100,68 M",13.68%,"R$ 1,32 B",,"R$ -205,74 M","R$ 947,33 M","5,41",+10.93%,+5.09%,CGRA3
231,,,,,,,,,,,,,BIEM39
232,"R$ 112,72 M","R$ -40,45 M",-35.88%,"R$ -37,4 M",-33.18%,"R$ 278,79 M","R$ 20,67 M","R$ 1,03 M","R$ 147,79 M","-0,74",-27.37%,-14.81%,VIVR3
233,"R$ 993,79 M","R$ 70,9 M",7.13%,"R$ 153,57 M",15.45%,"R$ 960,57 M","R$ 407,09 M","R$ 395,58 M","R$ 303,89 M","2,19",+23.33%,+11.87%,CEDO4
234,"R$ 143,93 M","R$ -53,9 M",-37.45%,"R$ -59,17 M",-41.11%,"R$ 448,16 M","R$ 115,13 M","R$ 2,56 M","R$ 250,99 M","-18,40",-21.47%,-10.55%,BIOM3
235,"R$ 1,65 B","R$ 14,05 B",847.42%,"R$ -609,89 M",-36.77%,"R$ 19,64 B","R$ 11,29 B","R$ 9,84 B","R$ -14,63 B","0,17",-96.05%,+26.57%,OIBR4
236,,,,,,,,,,,,,
237,"R$ 639,84 M","R$ -4,18 M",-0.65%,"R$ 8,51 M",1.33%,"R$ 995,03 M","R$ 153,72 M","R$ 75,7 M","R$ 693,41 M","-72,10",-0.60%,-1.01%,DOHL4
238,"R$ 4,62 B","R$ 428,63 M",9.26%,"R$ 695,78 M",15.03%,"R$ 36,91 B",,"R$ -4,29 B","R$ 2,31 B","6,23",+18.52%,+16.98%,BEES4
239,"R$ 135,25 M","R$ 36,5 M",26.99%,"R$ 36,58 M",27.05%,"R$ 221,71 M","R$ 18,93 M",R$ 647000,"R$ 157,08 M","4,04",+23.24%,+7.48%,LUXM4
240,"R$ 8,58 B","R$ 1,02 B",11.9%,R$ 2 B,23.36%,"R$ 14,89 B","R$ 7,66 B","R$ 6,07 B","R$ 4,16 B","13,05",+24.58%,+9.19%,ENMT3
241,,,,,,,,,,,,,EUCA3
242,,,,,,,,,,,,,INEP4
243,"R$ 222,5 M","R$ 4,22 M",1.89%,R$ 11 M,4.94%,"R$ 389,46 M","R$ 110,44 M","R$ 57,86 M","R$ 186,42 M","21,60",+2.25%,-1.02%,UCAS3
244,,,,,,,,,,,,,
245,,,,,,,,,,,,,BAER39
246,"R$ 49,48 B","R$ 13,41 B",27.09%,"R$ 5,15 B",10.4%,"R$ 545,46 B",,"R$ -1,37 B","R$ 63,7 B","8,70",+21.05%,+4.96%,BPAC5
247,"R$ 178,28 M","R$ 81,01 M",45.44%,"R$ 141,11 M",79.15%,"R$ 522,19 M",R$ 880000,"R$ -32,24 M","R$ -81,02 M","0,85",-99.99%,-108.23%,HOOT4
248,"R$ 1,25 B","R$ 455,11 M",36.39%,"R$ 882,99 M",70.59%,"R$ 3,55 B","R$ 656,37 M","R$ 67,63 M","R$ 1,75 B","7,23",+25.91%,+16.84%,GEPA4
249,,,,,,,,,,,,,BEEM39
250,"R$ 160,39 M","R$ -19,62 M",-12.23%,R$ -14 M,-8.73%,"R$ 299,6 M","R$ 10,19 M","R$ -100,3 M","R$ 221,56 M","-2,60",-8.85%,-8.97%,WEST3
251,"R$ 4,21 B","R$ 351,67 M",8.34%,"R$ 402,42 M",9.53%,"R$ 30,05 B",,"R$ -45,77 M","R$ 1,16 B","3,87",+30.18%,+21.98%,PINE3
252,"R$ 300,72 M","R$ -112,69 M",-37.47%,"R$ 25,26 M",8.4%,"R$ 3,16 B","R$ 1,14 B","R$ 1,04 B","R$ 758,41 M","-4,55",-14.85%,-2.78%,RNEW4
253,,,,,,,,,,,,,BIEU39
254,"R$ 8,58 B","R$ 1,02 B",11.9%,R$ 2 B,23.36%,"R$ 14,89 B","R$ 7,66 B","R$ 6,07 B","R$ 4,16 B","11,58",+24.58%,+9.19%,ENMT4
255,"R$ 1,07 B","R$ 125,32 M",11.62%,"R$ 221,81 M",20.57%,"R$ 1,32 B","R$ 406,35 M","R$ 258,75 M","R$ 657,59 M","9,89",+19.05%,+11.38%,OFSA3
256,,,,,,,,,,,,,BNDA39
257,"R$ 6,9 B","R$ 562,67 M",8.15%,"R$ 724,89 M",10.5%,"R$ 29,8 B",,"R$ -5,84 B","R$ 2,1 B","6,31",+26.69%,+17.05%,BMEB3
258,R$ 42 M,"R$ -27,02 M",-64.31%,"R$ -5,4 M",-12.87%,"R$ 531,96 M","R$ 187,15 M","R$ 169,81 M","R$ -233,58 M",,+11.56%,+10.54%,BDLL3
259,"R$ 1,54 B","R$ 72,88 M",4.72%,"R$ 240,27 M",15.59%,"R$ 921,92 M","R$ 377,85 M","R$ 261,82 M",R$ 944000,"4,68",+7721.29%,+37.14%,BOBR4
260,"R$ 18,72 M","R$ 10,05 M",53.67%,"R$ 14,69 M",78.47%,"R$ 644,04 M","R$ 305,67 M","R$ 239,17 M","R$ 117,9 M","7,67",+8.52%,+2.19%,PDTC3
261,"R$ 460,27 M","R$ 19,17 M",4.16%,"R$ 366,56 M",79.64%,"R$ 4,17 B","R$ 8,31 M","R$ -1,36 B","R$ 1,55 B","51,80",+1.23%,+3.73%,TELB3
262,,,,,,,,,,,,,BCHI39
263,,,,,,,,,,,,,BIJR39
264,"R$ 1,28 B","R$ 146,7 M",11.38%,"R$ 218,45 M",16.95%,"R$ 11,72 B",,"R$ -83,92 M","R$ 810,04 M","4,11",+18.11%,+16.85%,BGIP4
265,"R$ 2,17 B","R$ 86,89 M",3.98%,"R$ 149,41 M",6.85%,"R$ 1,61 B","R$ 464,82 M","R$ 48,04 M","R$ 786,26 M","11,15",+11.05%,+7.07%,PATI3
266,"R$ 460,27 M","R$ 19,17 M",4.16%,"R$ 366,56 M",79.64%,"R$ 4,17 B","R$ 8,31 M","R$ -1,36 B","R$ 1,55 B","35,98",+1.23%,+3.73%,TELB4
267,"R$ 84,33 M","R$ 277,78 M",329.39%,"R$ -281,42 M",-333.7%,"R$ 503,14 M","R$ 379,6 M","R$ 351,65 M","R$ -973,07 M","0,14",-28.54%,+31.31%,RSID3
268,"R$ 198,41 M","R$ -247,83 M",-124.9%,"R$ -187,17 M",-94.33%,"R$ 785,88 M","R$ 278,9 M","R$ 272,14 M","R$ -193,39 M","-0,08",+128.13%,-157.63%,JFEN3
269,,,,,,,,,,,,,BIEF39
270,"R$ 485,02 M","R$ -134,22 M",-27.67%,"R$ -77,11 M",-15.89%,"R$ 1,33 B","R$ 562,89 M","R$ 535,05 M","R$ 244,25 M","-0,70",-54.95%,-6.84%,RDNI3
271,,,,,,,,,,,,,BITO39
272,"R$ 8,22 B","R$ 476,11 M",5.79%,"R$ 666,51 M",8.1%,"R$ 68,81 B",,"R$ -167,38 M","R$ 3,85 B","9,75",+12.34%,+9.41%,BSLI4
273,"R$ 69,28 M","R$ -1,63 B",-2358.21%,"R$ -965,08 M",-1392.99%,"R$ 1,39 B","R$ 6,91 B","R$ 6,91 B","R$ -8,64 B","0,00",+18.89%,+37.5%,OSXB3
274,"R$ 3,05 B","R$ 124,7 M",4.08%,"R$ 211,03 M",6.91%,"R$ 1,42 B","R$ 424,35 M","R$ 337,66 M","R$ 795,04 M","5,95",+15.68%,+11.08%,WLMM4
275,"R$ 694,82 M","R$ 9,62 M",1.38%,"R$ 158,83 M",22.85%,"R$ 1,38 B",R$ 667 M,"R$ 435,58 M","R$ -55,29 M","33,28",-17.39%,+16.97%,AVLL3
276,"R$ 14,82 M","R$ 76,87 M",518.6%,R$ -663000,-4.47%,"R$ 330,81 M","R$ 3,62 M","R$ -152,5 M","R$ 258,95 M","2,43",+29.68%,-0.19%,BMKS3
277,"R$ 712,56 M","R$ 120,13 M",16.85%,"R$ 118,02 M",16.55%,"R$ 707,98 M","R$ 445,09 M","R$ 371,85 M","R$ 18,55 M",,+647.44%,+14%,CTKA3
278,"R$ 5,62 B","R$ -475,26 M",-8.44%,"R$ 549,44 M",9.77%,"R$ 8,25 B","R$ 5,71 B","R$ 4,98 B","R$ -3,61 B","-1,15",+13.13%,+11.98%,CEED3
279,,,,,,,,,,,,,BIYF39
280,,,,,,,,,,,,,BILF39
281,"R$ 3,05 B","R$ 124,7 M",4.08%,"R$ 211,03 M",6.91%,"R$ 1,42 B","R$ 424,35 M","R$ 337,66 M","R$ 795,04 M",,+15.68%,+11.08%,WLMM3
282,,,,,,,,,,,,,BIXN39
283,"R$ 28,84 M",R$ 869487,3.01%,R$ -616128,-2.13%,"R$ 67,03 M","R$ 20,75 M","R$ -28,51 M","R$ -51,17 M","26,00",-1.69%,+3.49%,HAGA3
284,"R$ 28,84 M",R$ 869487,3.01%,R$ -616128,-2.13%,"R$ 67,03 M","R$ 20,75 M","R$ -28,51 M","R$ -51,17 M","16,15",-1.69%,+3.49%,HAGA4
285,"R$ 163,94 M","R$ -26,51 M",-16.17%,"R$ 2,03 M",1.24%,"R$ 328,91 M","R$ 103,66 M","R$ 103,11 M",R$ -573 M,"-1,28",+4.62%,-0.03%,ESTR4
286,,,,,,,,,,,,,BEWT39
287,,"R$ -119,4 M",,"R$ -7,79 M",,"R$ 960,39 M",,"R$ -123,42 M","R$ 949,72 M","-3,21",-12.57%,-0.54%,RPAD3
